{
    "name": "root",
    "metadata": {
        "timer_format_version": "0.1.0",
        "start_time_seconds": "1729237490",
        "python_version": "3.10.10 (tags/v3.10.10:aad5f6a, Feb  7 2023, 17:20:36) [MSC v.1929 64 bit (AMD64)]",
        "command_line_arguments": "C:\\Users\\alexb\\AppData\\Local\\Programs\\Python\\Python310\\Scripts\\mlagents-learn --f",
        "mlagents_version": "1.1.0",
        "mlagents_envs_version": "1.1.0",
        "communication_protocol_version": "1.5.0",
        "pytorch_version": "2.4.1+cpu",
        "numpy_version": "1.23.5",
        "end_time_seconds": "1729237569"
    },
    "total": 78.47591050000028,
    "count": 1,
    "self": 0.007685800000217569,
    "children": {
        "run_training.setup": {
            "total": 0.022173999999722582,
            "count": 1,
            "self": 0.022173999999722582
        },
        "TrainerController.start_learning": {
            "total": 78.44605070000034,
            "count": 1,
            "self": 0.020690100019237434,
            "children": {
                "TrainerController._reset_env": {
                    "total": 6.024970999999823,
                    "count": 1,
                    "self": 6.024970999999823
                },
                "TrainerController.advance": {
                    "total": 72.29295159998128,
                    "count": 849,
                    "self": 0.02040959998157632,
                    "children": {
                        "env_step": {
                            "total": 70.97967300000892,
                            "count": 849,
                            "self": 69.90678170001229,
                            "children": {
                                "SubprocessEnvManager._take_step": {
                                    "total": 1.0600563999987571,
                                    "count": 849,
                                    "self": 0.07210330001362308,
                                    "children": {
                                        "TorchPolicy.evaluate": {
                                            "total": 0.987953099985134,
                                            "count": 817,
                                            "self": 0.987953099985134
                                        }
                                    }
                                },
                                "workers": {
                                    "total": 0.012834899997869798,
                                    "count": 848,
                                    "self": 0.0,
                                    "children": {
                                        "worker_root": {
                                            "total": 10.559885300002861,
                                            "count": 848,
                                            "is_parallel": true,
                                            "self": 5.005802399998174,
                                            "children": {
                                                "steps_from_proto": {
                                                    "total": 0.0003191999994669459,
                                                    "count": 1,
                                                    "is_parallel": true,
                                                    "self": 0.0001049999991664663,
                                                    "children": {
                                                        "_process_rank_one_or_two_observation": {
                                                            "total": 0.0002142000003004796,
                                                            "count": 2,
                                                            "is_parallel": true,
                                                            "self": 0.0002142000003004796
                                                        }
                                                    }
                                                },
                                                "UnityEnvironment.step": {
                                                    "total": 5.55376370000522,
                                                    "count": 848,
                                                    "is_parallel": true,
                                                    "self": 0.10235930001272209,
                                                    "children": {
                                                        "UnityEnvironment._generate_step_input": {
                                                            "total": 0.2032939999980954,
                                                            "count": 848,
                                                            "is_parallel": true,
                                                            "self": 0.2032939999980954
                                                        },
                                                        "communicator.exchange": {
                                                            "total": 5.016363800002182,
                                                            "count": 848,
                                                            "is_parallel": true,
                                                            "self": 5.016363800002182
                                                        },
                                                        "steps_from_proto": {
                                                            "total": 0.23174659999222058,
                                                            "count": 848,
                                                            "is_parallel": true,
                                                            "self": 0.09047010000813316,
                                                            "children": {
                                                                "_process_rank_one_or_two_observation": {
                                                                    "total": 0.14127649998408742,
                                                                    "count": 1696,
                                                                    "is_parallel": true,
                                                                    "self": 0.14127649998408742
                                                                }
                                                            }
                                                        }
                                                    }
                                                }
                                            }
                                        }
                                    }
                                }
                            }
                        },
                        "trainer_advance": {
                            "total": 1.2928689999907874,
                            "count": 848,
                            "self": 0.02348469999469671,
                            "children": {
                                "process_trajectory": {
                                    "total": 1.2693842999960907,
                                    "count": 848,
                                    "self": 1.2693842999960907
                                }
                            }
                        }
                    }
                },
                "TrainerController._save_models": {
                    "total": 0.10743800000000192,
                    "count": 1,
                    "self": 0.012188400000013644,
                    "children": {
                        "RLTrainer._checkpoint": {
                            "total": 0.09524959999998828,
                            "count": 1,