{
    "name": "root",
    "gauges": {
        "MyBehavior.Policy.Entropy.mean": {
            "value": 1.4073371887207031,
            "min": 1.4073371887207031,
            "max": 1.419113278388977,
            "count": 10
        },
        "MyBehavior.Policy.Entropy.sum": {
            "value": 70344.34375,
            "min": 70344.34375,
            "max": 71032.296875,
            "count": 10
        },
        "MyBehavior.Step.mean": {
            "value": 499940.0,
            "min": 49990.0,
            "max": 499940.0,
            "count": 10
        },
        "MyBehavior.Step.sum": {
            "value": 499940.0,
            "min": 49990.0,
            "max": 499940.0,
            "count": 10
        },
        "MyBehavior.Policy.ExtrinsicValueEstimate.mean": {
            "value": 1.1801607608795166,
            "min": 0.21927033364772797,
            "max": 5.398059368133545,
            "count": 10
        },
        "MyBehavior.Policy.ExtrinsicValueEstimate.sum": {
            "value": 924.06591796875,
            "min": 174.10064697265625,
            "max": 4782.6806640625,
            "count": 10
        },
        "MyBehavior.Environment.EpisodeLength.mean": {
            "value": 5999.0,
            "min": 258.6979166666667,
            "max": 5999.0,
            "count": 10
        },
        "MyBehavior.Environment.EpisodeLength.sum": {
            "value": 47992.0,
            "min": 47018.0,
            "max": 53991.0,
            "count": 10
        },
        "MyBehavior.Environment.CumulativeReward.mean": {
            "value": 56.0,
            "min": 2.5520833333333335,
            "max": 98.5,
            "count": 10
        },
        "MyBehavior.Environment.CumulativeReward.sum": {
            "value": 448.0,
            "min": 169.0,
            "max": 788.0,
            "count": 10
        },
        "MyBehavior.Policy.ExtrinsicReward.mean": {
            "value": 56.0,
            "min": 2.5520833333333335,
            "max": 98.5,
            "count": 10
        },
        "MyBehavior.Policy.ExtrinsicReward.sum": {
            "value": 448.0,
            "min": 169.0,
            "max": 788.0,
            "count": 10
        },
        "MyBehavior.Losses.PolicyLoss.mean": {
            "value": 0.024677095189690593,
            "min": 0.02324375397137677,
            "max": 0.02566367283288855,
            "count": 10
        },
        "MyBehavior.Losses.PolicyLoss.sum": {
            "value": 0.12338547594845296,
            "min": 0.09717140294766675,
            "max": 0.12754712163781126,
            "count": 10
        },
        "MyBehavior.Losses.ValueLoss.mean": {
            "value": 0.36914839158455526,
            "min": 0.13229769191394253,
            "max": 1.8150697407623133,
            "count": 10
        },
        "MyBehavior.Losses.ValueLoss.sum": {
            "value": 1.8457419579227763,
            "min": 0.6614884595697126,
            "max": 7.260278963049253,
            "count": 10
        },
        "MyBehavior.Policy.LearningRate.mean": {
            "value": 1.642713452432e-05,
            "min": 1.642713452432e-05,
            "max": 0.00028461210512929996,
            "count": 10
        },
        "MyBehavior.Policy.LearningRate.sum": {
            "value": 8.21356726216e-05,
            "min": 8.21356726216e-05,
            "max": 0.0012843852718715998,
            "count": 10
        },
        "MyBehavior.Policy.Epsilon.mean": {
            "value": 0.10547567999999999,
            "min": 0.10547567999999999,
            "max": 0.19487070000000004,
            "count": 10
        },
        "MyBehavior.Policy.Epsilon.sum": {
            "value": 0.5273783999999999,
            "min": 0.5000063999999999,
            "max": 0.9281284,
            "count": 10
        },
        "MyBehavior.Policy.Beta.mean": {
            "value": 0.0002832364320000001,
            "min": 0.0002832364320000001,
            "max": 0.004744047930000001,
            "count": 10
        },
        "MyBehavior.Policy.Beta.sum": {
            "value": 0.0014161821600000004,
            "min": 0.0014161821600000004,
            "max": 0.021413607159999997,
            "count": 10
        },
        "MyBehavior.IsTraining.mean": {
            "value": 1.0,
            "min": 1.0,
            "max": 1.0,
            "count": 10
        },
        "MyBehavior.IsTraining.sum": {
            "value": 1.0,
            "min": 1.0,
            "max": 1.0,
            "count": 10
        }
    },
    "metadata": {
        "timer_format_version": "0.1.0",
        "start_time_seconds": "1728870513",
        "python_version": "3.10.10 (tags/v3.10.10:aad5f6a, Feb  7 2023, 17:20:36) [MSC v.1929 64 bit (AMD64)]",
        "command_line_arguments": "C:\\Users\\alexb\\AppData\\Local\\Programs\\Python\\Python310\\Scripts\\mlagents-learn --f",
        "mlagents_version": "1.1.0",
        "mlagents_envs_version": "1.1.0",
        "communication_protocol_version": "1.5.0",
        "pytorch_version": "2.4.1+cpu",
        "numpy_version": "1.23.5",
        "end_time_seconds": "1728872949"
    },
    "total": 2435.7650094000005,
    "count": 1,
    "self": 0.005270799999834708,
    "children": {
        "run_training.setup": {
            "total": 0.014101000000209751,
            "count": 1,
            "self": 0.014101000000209751
        },
        "TrainerController.start_learning": {
            "total": 2435.7456376000005,
            "count": 1,
            "self": 8.570664999894689,
            "children": {
                "TrainerController._reset_env": {
                    "total": 6.393241400000079,
                    "count": 1,
                    "self": 6.393241400000079
                },
                "TrainerController.advance": {
                    "total": 2420.7302935001057,
                    "count": 500312,
                    "self": 8.260970700215239,
                    "children": {
                        "env_step": {
                            "total": 2309.367541899833,
                            "count": 500312,
                            "self": 1864.8882707998387,
                            "children": {
                                "SubprocessEnvManager._take_step": {
                                    "total": 438.81086960010316,
                                    "count": 500312,
                                    "self": 26.503866200025186,
                                    "children": {
                                        "TorchPolicy.evaluate": {
                                            "total": 412.307003400078,
                                            "count": 500004,
                                            "self": 412.307003400078
                                        }
                                    }
                                },
                                "workers": {
                                    "total": 5.668401499891388,
                                    "count": 500312,
                                    "self": 0.0,
                                    "children": {
                                        "worker_root": {
                                            "total": 2419.094099399788,
                                            "count": 500312,
                                            "is_parallel": true,
                                            "self": 951.6589806999054,
                                            "children": {
                                                "steps_from_proto": {
                                                    "total": 0.00046030000021346495,
                                                    "count": 1,
                                                    "is_parallel": true,
                                                    "self": 0.00016800000003058813,